,player,total_runs,out,numberofballs,average,strikerate,wickets
0,V Kohli,5426,152,4111,35.6973684210526,131.987351009487,4
1,SK Raina,5386,160,3916,33.6625,137.538304392237,25
2,RG Sharma,4902,161,3742,30.4472049689441,130.999465526456,15
3,DA Warner,4717,114,3292,41.3771929824561,143.286755771567,0
4,S Dhawan,4601,137,3665,33.5839416058394,125.538881309686,4
5,CH Gayle,4525,110,2972,41.1363636363636,152.254374158816,18
6,MS Dhoni,4450,118,3206,37.7118644067797,138.802245789145,0
7,RV Uthappa,4420,156,3381,28.3333333333333,130.730553090802,0
8,AB de Villiers,4414,104,2902,42.4423076923077,152.10199862164,0
9,G Gambhir,4219,134,3400,31.4850746268657,124.088235294118,0
10,AM Rahane,3834,117,3133,32.7692307692308,122.37472071497,1
11,KD Karthik,3669,138,2813,26.5869565217391,130.430145751866,0
12,SR Watson,3590,115,2566,31.2173913043478,139.906469212783,90
13,AT Rayudu,3313,114,2616,29.0614035087719,126.64373088685,0
14,YK Pathan,3222,110,2240,29.2909090909091,143.839285714286,41
15,BB McCullum,2886,106,2185,27.2264150943396,132.0823798627,0
16,PA Patel,2864,127,2352,22.5511811023622,121.768707482993,0
17,MK Pandey,2855,95,2352,30.0526315789474,121.386054421769,0
18,KA Pollard,2772,102,1879,27.1764705882353,147.525279403938,56
19,Yuvraj Singh,2755,109,2121,25.2752293577982,129.89156058463,35
20,V Sehwag,2728,98,1746,27.8367346938776,156.242840778923,6
21,M Vijay,2589,93,2104,27.8387096774194,123.051330798479,0
22,SE Marsh,2489,65,1866,38.2923076923077,133.386923901393,0
23,JH Kallis,2427,89,2219,27.2696629213483,109.373591707977,63
24,DR Smith,2385,81,1758,29.4444444444444,135.665529010239,26
25,SR Tendulkar,2334,71,1943,32.8732394366197,120.123520329388,0
26,SV Samson,2215,79,1693,28.0379746835443,130.832841110455,0
27,R Dravid,2174,77,1877,28.2337662337662,115.823122003197,0
28,AC Gilchrist,2069,76,1492,27.2236842105263,138.672922252011,1
29,SPD Smith,2038,59,1570,34.5423728813559,129.808917197452,0
30,JP Duminy,2031,49,1633,41.4489795918367,124.372320881813,22
31,KL Rahul,1988,49,1428,40.5714285714286,139.21568627451,0
32,MEK Hussey,1977,52,1608,38.0192307692308,122.94776119403,0
33,RA Jadeja,1931,83,1567,23.2650602409638,123.229100191449,108
34,F du Plessis,1861,56,1459,33.2321428571429,127.553118574366,0
35,DA Miller,1858,54,1327,34.4074074074074,140.015071590053,0
36,DPMD Jayawardene,1808,64,1460,28.25,123.835616438356,0
37,WP Saha,1767,74,1340,23.8783783783784,131.865671641791,0
38,RR Pant,1767,49,1071,36.0612244897959,164.985994397759,0
39,AJ Finch,1741,66,1332,26.3787878787879,130.705705705706,1
40,MK Tiwary,1696,60,1446,28.2666666666667,117.289073305671,1
41,SS Iyer,1695,57,1321,29.7368421052632,128.311884935655,0
42,KC Sangakkara,1687,69,1387,24.4492753623188,121.629416005768,0
43,NV Ojha,1555,74,1308,21.0135135135135,118.88379204893,0
44,Mandeep Singh,1535,71,1227,21.6197183098592,125.101874490628,0
45,DJ Bravo,1494,63,1155,23.7142857142857,129.350649350649,147
46,Q de Kock,1478,46,1109,32.1304347826087,133.273219116321,0
47,KK Nair,1465,61,1137,24.016393442623,128.847845206684,0
48,S Badrinath,1441,48,1210,30.0208333333333,119.090909090909,0
49,AD Russell,1415,41,752,34.5121951219512,188.164893617021,52
50,GJ Maxwell,1401,62,864,22.5967741935484,162.152777777778,15
51,BJ Hodge,1400,46,1117,30.4347826086956,125.335720680394,17
52,JC Buttler,1396,37,919,37.7297297297297,151.904243743199,0
53,SC Ganguly,1349,54,1261,24.9814814814815,106.978588421887,8
54,DJ Hussey,1322,48,1069,27.5416666666667,123.666978484565,8
55,KS Williamson,1309,34,964,38.5,135.788381742739,0
56,CA Lynn,1288,37,909,34.8108108108108,141.694169416942,0
57,SS Tiwary,1276,42,1064,30.3809523809524,119.924812030075,0
58,MA Agarwal,1269,67,988,18.9402985074627,128.441295546559,0
59,TM Dilshan,1153,41,1006,28.1219512195122,114.612326043738,5
60,IK Pathan,1150,52,948,22.1153846153846,121.308016877637,79
61,ML Hayden,1107,27,802,41,138.029925187032,0
62,N Rana,1093,40,808,27.325,135.272277227723,7
63,KM Jadhav,1087,46,851,23.6304347826087,127.732079905993,0
64,HH Pandya,1082,38,689,28.4736842105263,157.039187227866,42
65,LMP Simmons,1079,27,851,39.962962962963,126.792009400705,1
66,LRPL Taylor,1017,41,818,24.8048780487805,124.327628361858,0
67,M Vohra,1013,42,767,24.1190476190476,132.073011734029,0
68,KP Pietersen,1001,28,740,35.75,135.27027027027,7
69,AS Yadav,995,35,746,28.4285714285714,133.378016085791,0
70,Y Venugopal Rao,985,42,834,23.452380952381,118.10551558753,6
71,JA Morkel,975,40,682,24.375,142.961876832845,83
72,A Symonds,974,26,748,37.4615384615385,130.213903743316,20
73,CL White,971,35,760,27.7428571428571,127.763157894737,1
74,MC Henriques,969,35,756,27.6857142857143,128.174603174603,31
75,KH Pandya,897,32,609,28.03125,147.290640394089,39
76,HH Gibbs,886,32,802,27.6875,110.473815461347,0
77,STR Binny,880,44,683,20,128.843338213763,23
78,EJG Morgan,854,38,702,22.4736842105263,121.652421652422,0
79,Harbhajan Singh,831,56,597,14.8392857142857,139.195979899497,150
80,AR Patel,800,43,628,18.6046511627907,127.388535031847,70
81,MS Bisla,798,37,697,21.5675675675676,114.490674318508,0
82,SP Narine,785,40,458,19.625,171.397379912664,121
83,ST Jayasuriya,768,29,531,26.4827586206896,144.632768361582,13
84,RA Tripathi,761,27,553,28.1851851851852,137.613019891501,0
85,Shakib Al Hasan,750,34,588,22.0588235294118,127.551020408163,58
86,GC Smith,739,30,666,24.6333333333333,110.960960960961,0
87,AD Mathews,724,31,573,23.3548387096774,126.352530541012,27
88,Ishan Kishan,701,31,531,22.6129032258064,132.015065913371,0
89,TL Suman,676,30,573,22.5333333333333,117.975567190227,6
90,AM Nayar,672,39,574,17.2307692307692,117.073170731707,9
91,GJ Bailey,663,29,543,22.8620689655172,122.099447513812,0
92,BA Stokes,641,30,481,21.3666666666667,133.264033264033,26
93,SA Yadav,608,29,465,20.9655172413793,130.752688172043,0
94,JD Ryder,604,29,456,20.8275862068966,132.456140350877,8
95,P Shaw,604,24,423,25.1666666666667,142.789598108747,0
96,PP Chawla,584,50,519,11.68,112.52408477842,141
97,HM Amla,577,13,407,44.3846153846154,141.769041769042,0
98,V Shankar,563,17,416,33.1176470588235,135.336538461538,2
99,CJ Anderson,538,22,423,24.4545454545455,127.186761229314,11
100,RS Bopara,531,19,452,27.9473684210526,117.477876106195,10
101,JP Faulkner,527,28,387,18.8214285714286,136.175710594315,61
102,DJ Hooda,526,33,413,15.9393939393939,127.360774818402,6
103,CH Morris,519,20,327,25.95,158.715596330275,69
104,M Manhas,514,24,469,21.4166666666667,109.594882729211,0
105,S Gill,510,14,377,36.4285714285714,135.278514588859,0
106,OA Shah,506,13,386,38.9230769230769,131.088082901554,0
107,PC Valthaty,505,22,415,22.9545454545455,121.686746987952,6
108,MP Stoinis,476,15,362,31.7333333333333,131.491712707182,15
109,J Bairstow,459,8,284,57.375,161.619718309859,0
110,DT Christian,448,24,373,18.6666666666667,120.107238605898,32
111,Gurkeerat Singh,443,26,342,17.0384615384615,129.53216374269,5
112,E Lewis,437,16,327,27.3125,133.639143730887,0
113,NLTC Perera,424,24,305,17.6666666666667,139.016393442623,29
114,SA Asnodkar,423,19,339,22.2631578947368,124.778761061947,0
115,JR Hopes,417,17,305,24.5294117647059,136.72131147541,12
116,SN Khan,412,18,285,22.8888888888889,144.561403508772,0
117,J Botha,409,22,358,18.5909090909091,114.245810055866,25
118,LR Shukla,405,29,346,13.9655172413793,117.052023121387,15
119,AL Menaria,401,22,356,18.2272727272727,112.640449438202,3
120,MV Boucher,394,15,308,26.2666666666667,127.922077922078,0
121,CA Pujara,390,18,391,21.6666666666667,99.7442455242967,0
122,Azhar Mahmood,388,19,302,20.4210526315789,128.476821192053,29
123,R Ashwin,376,33,336,11.3939393939394,111.904761904762,117
124,DB Ravi Teja,375,20,317,18.75,118.296529968454,1
125,S Sohal,368,18,290,20.4444444444444,126.896551724138,0
126,A Mishra,366,29,385,12.6206896551724,95.0649350649351,147
127,P Negi,365,26,288,14.0384615384615,126.736111111111,35
128,R Bhatia,342,29,284,11.7931034482759,120.422535211268,71
129,P Kumar,340,34,314,10,108.28025477707,88
130,AP Tare,339,24,273,14.125,124.175824175824,0
131,SW Billings,337,19,250,17.7368421052632,134.8,0
132,JEC Franklin,327,11,300,29.7272727272727,109,9
133,RN ten Doeschate,326,17,234,19.1764705882353,139.316239316239,2
134,KV Sharma,317,21,270,15.0952380952381,117.407407407407,55
135,R Vinay Kumar,310,26,271,11.9230769230769,114.391143911439,105
136,DB Das,304,12,260,25.3333333333333,116.923076923077,0
137,C de Grandhomme,304,15,223,20.2666666666667,136.322869955157,6
138,M Ali,302,10,177,30.2,170.621468926554,9
139,LA Pomersbach,302,11,244,27.4545454545455,123.770491803279,0
140,UBT Chand,300,20,300,15,100,0
141,SP Goswami,295,18,290,16.3888888888889,101.724137931034,0
142,DJG Sammy,295,15,241,19.6666666666667,122.406639004149,11
143,Y Nagar,285,15,257,19,110.894941634241,4
144,VVS Laxman,282,16,266,17.625,106.015037593985,0
145,GH Vihari,280,18,312,15.5555555555556,89.7435897435897,1
146,A Ashish Reddy,280,15,191,18.6666666666667,146.596858638743,18
147,B Chipli,280,16,250,17.5,112,0
148,MJ Lumb,278,10,193,27.8,144.041450777202,0
149,MJ Guptill,271,12,196,22.5833333333333,138.265306122449,0
150,R Sathish,270,16,231,16.875,116.883116883117,3
151,M Kaif,259,16,249,16.1875,104.016064257028,0
152,SM Katich,241,10,184,24.1,130.978260869565,0
153,BCJ Cutting,239,11,141,21.7272727272727,169.503546099291,10
154,MD Mishra,237,15,208,15.8,113.942307692308,0
155,MR Marsh,225,12,196,18.75,114.795918367347,18
156,K Goel,218,13,230,16.7692307692308,94.7826086956522,0
157,AA Jhunjhunwala,217,14,210,15.5,103.333333333333,1
158,TM Head,205,6,148,34.1666666666667,138.513513513514,2
159,PD Collingwood,203,4,156,50.75,130.128205128205,5
160,SK Warne,198,19,213,10.4210526315789,92.9577464788732,57
161,SP Fleming,196,9,165,21.7777777777778,118.787878787879,0
162,AS Raut,194,11,167,17.6363636363636,116.167664670659,0
163,BJ Rohrer,193,7,141,27.5714285714286,136.879432624113,0
164,Salman Butt,193,7,161,27.5714285714286,119.875776397516,0
165,YV Takawale,192,8,178,24,107.865168539326,0
166,Bipul Sharma,187,6,121,31.1666666666667,154.545454545455,17
167,C Ingram,184,10,154,18.4,119.480519480519,0
168,B Kumar,184,23,189,8,97.3544973544974,129
169,FY Fazal,183,9,172,20.3333333333333,106.395348837209,0
170,JJ Roy,183,5,135,36.6,135.555555555556,0
171,CR Brathwaite,182,14,110,13,165.454545454545,13
172,AC Voges,181,6,142,30.1666666666667,127.464788732394,0
173,AB Agarkar,179,8,152,22.375,117.763157894737,29
174,C Munro,178,9,141,19.7777777777778,126.241134751773,0
175,MF Maharoof,177,10,122,17.7,145.081967213115,27
176,DH Yagnik,170,9,135,18.8888888888889,125.925925925926,0
177,N Pooran,170,6,106,28.3333333333333,160.377358490566,0
178,CM Gautam,169,9,148,18.7777777777778,114.189189189189,0
179,MG Johnson,168,14,161,12,104.347826086957,62
180,MN van Wyk,167,3,132,55.6666666666667,126.515151515152,0
181,DW Steyn,166,22,157,7.54545454545455,105.732484076433,93
182,PA Reddy,164,10,160,16.4,102.5,0
183,R Parag,161,4,126,40.25,127.777777777778,1
184,MN Samuels,161,12,171,13.4166666666667,94.1520467836257,9
185,Ankit Sharma,160,10,108,16,148.148148148148,13
186,RE van der Merwe,159,11,141,14.4545454545455,112.765957446809,21
187,R McLaren,159,8,169,19.875,94.0828402366864,12
188,R Dhawan,153,7,135,21.8571428571429,113.333333333333,18
189,A Hales,150,6,118,25,127.118644067797,0
190,SM Pollock,147,8,111,18.375,132.432432432432,11
191,S Vidyut,145,8,108,18.125,134.259259259259,1
192,K Gowtham,145,12,83,12.0833333333333,174.698795180723,11
193,Mohammad Nabi,142,8,91,17.75,156.043956043956,11
194,N Saini,142,12,144,11.8333333333333,98.6111111111111,11
195,Sachin Baby,137,9,101,15.2222222222222,135.643564356436,2
196,S Anirudha,136,8,110,17,123.636363636364,0
197,SB Styris,131,7,133,18.7142857142857,98.4962406015038,8
198,W Jaffer,130,7,121,18.5714285714286,107.438016528926,0
199,S Gopal,129,8,118,16.125,109.322033898305,34
200,Kamran Akmal,128,4,78,32,164.102564102564,0
201,D Wiese,127,5,90,25.4,141.111111111111,14
202,P Dogra,127,12,138,10.5833333333333,92.0289855072464,0
203,UT Khawaja,127,5,100,25.4,127,0
204,M Morkel,126,11,90,11.4545454545455,140,75
205,MC Juneja,125,7,127,17.8571428571429,98.4251968503937,0
206,BB Samantray,125,5,113,25,110.619469026549,0
207,B Lee,124,10,96,12.4,129.166666666667,24
208,MM Sharma,123,14,117,8.78571428571429,105.128205128205,91
209,AB McDonald,123,5,99,24.6,124.242424242424,11
210,UT Yadav,122,12,124,10.1666666666667,98.3870967741936,116
211,Niraj Patel,121,5,118,24.2,102.542372881356,0
212,DL Vettori,121,7,109,17.2857142857143,111.009174311927,25
213,AC Blizzard,120,7,89,17.1428571428571,134.831460674157,0
214,RJ Harris,117,12,111,9.75,105.405405405405,44
215,Misbah-ul-Haq,117,9,81,13,144.444444444444,0
216,Z Khan,117,15,138,7.8,84.7826086956522,101
217,D Short,116,7,99,16.5714285714286,117.171717171717,1
218,KK Cooper,116,9,68,12.8888888888889,170.588235294118,33
219,TG Southee,115,6,90,19.1666666666667,127.777777777778,28
220,R Tewatia,115,7,89,16.4285714285714,129.213483146067,14
221,M Kartik,113,7,108,16.1428571428571,104.62962962963,31
222,DJ Harris,111,3,101,37,109.90099009901,0
223,HV Patel,107,8,68,13.375,157.352941176471,41
224,JDP Oram,106,8,108,13.25,98.1481481481482,9
225,LJ Wright,106,4,60,26.5,176.666666666667,2
226,Rashid Khan,105,12,63,8.75,166.666666666667,55
227,RJ Quiney,103,7,102,14.7142857142857,100.980392156863,0
228,DS Kulkarni,101,9,106,11.2222222222222,95.2830188679245,85
229,MS Gony,99,9,70,11,141.428571428571,37
230,SD Chitnis,99,7,89,14.1428571428571,111.23595505618,2
231,MJ Clarke,98,5,94,19.6,104.255319148936,2
232,CJ Ferguson,98,6,116,16.3333333333333,84.4827586206896,0
233,MA Starc,96,6,98,16,97.9591836734694,33
234,S Curran,95,4,55,23.75,172.727272727273,10
235,AJ Tye,92,7,70,13.1428571428571,131.428571428571,37
236,PR Shah,92,8,91,11.5,101.098901098901,0
237,DJ Jacobs,92,7,97,13.1428571428571,94.8453608247423,0
238,S Rana,91,5,81,18.2,112.345679012346,0
239,RT Ponting,91,8,127,11.375,71.6535433070866,0
240,AD Nath,90,10,98,9,91.8367346938776,0
241,S Hetmyer,90,5,73,18,123.287671232877,0
242,MJ McClenaghan,88,11,70,8,125.714285714286,71
243,Iqbal Abdulla,88,1,83,88,106.024096385542,38
244,SL Malinga,88,12,99,7.33333333333333,88.8888888888889,170
245,AP Majumdar,87,4,76,21.75,114.473684210526,0
246,J Archer,84,7,61,12,137.704918032787,25
247,RE Levi,83,6,73,13.8333333333333,113.698630136986,0
248,LA Carseldine,81,3,68,27,119.117647058824,1
249,WPUJC Vaas,81,7,73,11.5714285714286,110.958904109589,18
250,Shahid Afridi,81,8,46,10.125,176.086956521739,9
251,AD Mascarenhas,79,10,78,7.9,101.282051282051,19
252,PJ Cummins,77,6,55,12.8333333333333,140,17
253,S Rutherford,77,5,53,15.4,145.283018867925,1
254,B Akhil,76,7,55,10.8571428571429,138.181818181818,6
255,IR Jaggi,76,5,97,15.2,78.3505154639175,0
256,TR Birt,75,5,58,15,129.310344827586,0
257,Washington Sundar,75,6,50,12.5,150,16
258,M Klinger,73,4,77,18.25,94.8051948051948,0
259,RR Sarwan,73,3,75,24.3333333333333,97.3333333333333,0
260,L Livingstone,71,3,47,23.6666666666667,151.063829787234,0
261,DL Chahar,71,6,44,11.8333333333333,161.363636363636,33
262,K Rabada,70,6,78,11.6666666666667,89.7435897435897,31
263,AA Bilakhia,69,5,85,13.8,81.1764705882353,0
264,H Klaasen,67,5,57,13.4,117.543859649123,0
265,RR Powar,67,3,63,22.3333333333333,106.349206349206,11
266,R Singh,66,6,65,11,101.538461538462,0
267,R Sharma,66,11,75,6,88,40
268,Mohammad Hafeez,64,8,82,8,78.0487804878049,2
269,CR Woakes,63,5,66,12.6,95.4545454545454,25
270,WD Parnell,63,9,75,7,84,27
271,Anirudh Singh,63,4,66,15.75,95.4545454545454,0
272,A Flintoff,62,2,53,31,116.981132075472,2
273,S Aravind,59,3,56,19.6666666666667,105.357142857143,42
274,WA Mota,56,5,73,11.2,76.7123287671233,4
275,JD Unadkat,55,7,53,7.85714285714286,103.77358490566,72
276,M Rawat,55,5,69,11,79.7101449275362,0
277,I Sharma,55,7,61,7.85714285714286,90.1639344262295,70
278,J Suchith,54,2,46,27,117.391304347826,12
279,Mohammed Shami,54,9,52,6,103.846153846154,39
280,A Chopra,53,5,71,10.6,74.6478873239437,0
281,RR Rossouw,53,6,51,8.83333333333333,103.921568627451,0
282,RP Singh,52,15,72,3.46666666666667,72.2222222222222,89
283,NM Coulter-Nile,52,7,50,7.42857142857143,104,33
284,Shoaib Malik,52,4,47,13,110.63829787234,2
285,KB Arun Karthik,51,5,50,10.2,102,0
286,R Rampaul,51,5,49,10.2,104.081632653061,16
287,RV Gomez,50,7,50,7.14285714285714,100,4
288,SB Bangar,49,6,58,8.16666666666667,84.4827586206896,4
289,VR Aaron,49,3,62,16.3333333333333,79.0322580645161,42
290,AG Paunikar,49,5,57,9.8,85.9649122807017,0
291,Yashpal Singh,47,4,66,11.75,71.2121212121212,0
292,Kuldeep Yadav,45,4,54,11.25,83.3333333333333,39
293,Sunny Singh,43,4,31,10.75,138.709677419355,0
294,AB Barath,42,2,42,21,100,0
295,SK Trivedi,42,8,59,5.25,71.1864406779661,65
296,JDS Neesham,42,3,46,14,91.304347826087,1
297,A Nehra,41,8,59,5.125,69.4915254237288,105
298,LPC Silva,40,2,25,20,160,0
299,S Dube,40,4,33,10,121.212121212121,0
300,BR Dunk,40,3,35,13.3333333333333,114.285714285714,0
301,Umar Gul,39,3,19,13,205.263157894737,12
302,AUK Pathan,39,5,23,7.8,169.565217391304,0
303,DJ Thornely,39,3,52,13,75,3
304,MM Patel,39,5,41,7.8,95.1219512195122,74
305,SP Jackson,38,2,31,19,122.58064516129,0
306,JO Holder,38,5,31,7.6,122.58064516129,5
307,Anureet Singh,37,4,46,9.25,80.4347826086957,18
308,S Narwal,37,4,27,9.25,137.037037037037,5
309,JJ Bumrah,37,3,38,12.3333333333333,97.3684210526316,82
310,Sohail Tanvir,36,3,29,12,124.137931034483,22
311,L Balaji,36,7,47,5.14285714285714,76.5957446808511,73
312,KW Richardson,36,3,39,12,92.3076923076923,19
313,Joginder Sharma,36,4,30,9,120,12
314,AN Ahmed,36,1,26,36,138.461538461538,12
315,SN Thakur,36,4,21,9,171.428571428571,36
316,A Kumble,35,2,46,17.5,76.0869565217391,45
317,B Sumanth,35,1,37,35,94.5945945945946,0
318,S Sreesanth,34,3,52,11.3333333333333,65.3846153846154,40
319,AP Dole,34,2,22,17,154.545454545455,5
320,A Mithun,34,5,25,6.8,136,7
321,L Ronchi,34,3,34,11.3333333333333,100,0
322,M Santner,33,1,23,33,143.478260869565,4
323,D Salunkhe,33,1,24,33,137.5,1
324,Basil Thampi,32,2,33,16,96.969696969697,16
325,RJ Peterson,32,3,29,10.6666666666667,110.344827586207,3
326,Mohammed Siraj,32,3,36,10.6666666666667,88.8888888888889,29
327,S Nadeem,32,14,77,2.28571428571429,41.5584415584416,40
328,S Sriram,31,2,36,15.5,86.1111111111111,0
329,T Taibu,31,3,26,10.3333333333333,119.230769230769,0
330,M Markande,30,3,29,10,103.448275862069,16
331,J Syed Mohammad,29,2,26,14.5,111.538461538462,8
332,VH Zol,29,2,26,14.5,111.538461538462,0
333,SB Jakati,28,2,29,14,96.5517241379311,46
334,M Lomror,28,2,24,14,116.666666666667,0
335,JM Kemp,26,2,24,13,108.333333333333,3
336,NL McCullum,26,3,21,8.66666666666667,123.809523809524,0
337,AB Dinda,26,9,47,2.88888888888889,55.3191489361702,62
338,Sandeep Sharma,26,3,38,8.66666666666667,68.421052631579,82
339,A Choudhary,25,2,20,12.5,125,5
340,S Chanderpaul,25,3,31,8.33333333333333,80.6451612903226,0
341,KC Cariappa,24,3,21,8,114.285714285714,8
342,MA Khote,24,2,20,12,120,2
343,ER Dwivedi,24,2,14,12,171.428571428571,0
344,PJ Sangwan,24,7,39,3.42857142857143,61.5384615384615,34
345,BMAJ Mendis,23,3,27,7.66666666666667,85.1851851851852,1
346,T Curran,23,3,27,7.66666666666667,85.1851851851852,6
347,J Arunkumar,23,3,23,7.66666666666667,100,0
348,NS Naik,23,2,31,11.5,74.1935483870968,0
349,SW Tait,23,3,26,7.66666666666667,88.4615384615385,24
350,MS Wade,22,3,33,7.33333333333333,66.6666666666667,0
351,GB Hogg,22,2,22,11,100,22
352,YS Chahal,22,4,48,5.5,45.8333333333333,93
353,CA Ingram,21,2,26,10.5,80.7692307692308,0
354,DE Bollinger,21,1,22,21,95.4545454545454,37
355,RR Raje,20,1,18,20,111.111111111111,6
356,M Muralitharan,20,6,29,3.33333333333333,68.9655172413793,64
357,K Paul,20,4,24,5,83.3333333333333,9
358,AC Thomas,20,2,19,10,105.263157894737,14
359,H Brar,20,0,12,,166.666666666667,0
360,Imran Tahir,20,4,27,5,74.0740740740741,77
361,NJ Maddinson,20,3,21,6.66666666666667,95.2380952380952,0
362,Harpreet Singh,20,2,26,10,76.9230769230769,0
363,R Shukla,19,2,23,9.5,82.6086956521739,4
364,DR Martyn,19,2,24,9.5,79.1666666666667,0
365,R Bishnoi,19,3,17,6.33333333333333,111.764705882353,0
366,P Sahu,19,0,13,,146.153846153846,3
367,A Mukund,19,2,22,9.5,86.3636363636364,0
368,Y Gnaneswara Rao,19,1,17,19,111.764705882353,0
369,P R Barman,19,1,24,19,79.1666666666667,0
370,Vishnu Vinod,19,3,26,6.33333333333333,73.0769230769231,0
371,JJ van der Wath,18,2,16,9,112.5,3
372,Harmeet Singh,18,2,12,9,150,26
373,BJ Haddin,18,1,11,18,163.636363636364,0
374,PV Tambe,18,1,39,18,46.1538461538462,28
375,DS Lehmann,18,2,18,9,100,0
376,Parvez Rasool,17,2,20,8.5,85,4
377,AS Rajpoot,17,3,30,5.66666666666667,56.6666666666667,21
378,PP Ojha,16,10,44,1.6,36.3636363636364,88
379,CK Kapugedera,16,3,23,5.33333333333333,69.5652173913043,0
380,S Singh,16,1,17,16,94.1176470588235,0
381,SA Abbott,15,1,13,15,115.384615384615,0
382,C Madan,15,1,19,15,78.9473684210526,0
383,GR Napier,15,1,16,15,93.75,1
384,VY Mahesh,15,2,26,7.5,57.6923076923077,20
385,RD Chahar,15,2,13,7.5,115.384615384615,15
386,A Joseph,15,0,13,,115.384615384615,6
387,SD Lad,15,1,13,15,115.384615384615,0
388,F Behardien,14,2,13,7,107.692307692308,0
389,MDKJ Perera,14,2,13,7,107.692307692308,0
390,S Badree,13,5,23,2.6,56.5217391304348,11
391,S Mavi,13,3,15,4.33333333333333,86.6666666666667,5
392,DT Patil,13,1,13,13,100,0
393,KJ Abbott,13,1,8,13,162.5,1
394,D Shorey,13,2,17,6.5,76.4705882352941,0
395,Swapnil Singh,12,3,20,4,60,1
396,T Thushara,12,2,18,6,66.6666666666667,8
397,TA Boult,12,2,14,6,85.7142857142857,34
398,DAJ Bracewell,12,0,9,,133.333333333333,3
399,M Ur Rahman,12,2,11,6,109.090909090909,16
400,AR Bawne,12,0,12,,100,0
401,AA Chavan,12,1,11,12,109.090909090909,8
402,Karanveer Singh,12,1,17,12,70.5882352941177,12
403,K Upadhyay,12,0,9,,133.333333333333,0
404,S Kaul,12,3,28,4,42.8571428571429,48
405,M Ntini,11,1,18,11,61.1111111111111,3
406,BB Sran,11,1,14,11,78.5714285714286,17
407,T Henderson,11,1,16,11,68.75,1
408,T Kohli,11,3,19,3.66666666666667,57.8947368421053,0
409,DNT Zoysa,11,1,9,11,122.222222222222,2
410,X Thalaivan Sargunam,10,1,17,10,58.8235294117647,0
411,J Theron,10,2,12,5,83.3333333333333,11
412,AG Murtaza,10,1,14,10,71.4285714285714,9
413,TD Paine,10,2,26,5,38.4615384615385,0
414,KAJ Roach,10,1,9,10,111.111111111111,0
415,SMSM Senanayake,10,1,17,10,58.8235294117647,9
416,D du Preez,10,1,13,10,76.9230769230769,4
417,AA Noffke,9,1,10,9,90,1
418,SM Harwood,9,0,13,,69.2307692307692,3
419,Jaskaran Singh,8,2,11,4,72.7272727272727,6
420,CJ McKay,8,1,15,8,53.3333333333333,1
421,J Searles,8,1,6,8,133.333333333333,2
422,TS Mills,8,3,11,2.66666666666667,72.7272727272727,5
423,P Chopra,8,1,6,8,133.333333333333,0
424,TM Srivastava,8,1,11,8,72.7272727272727,0
425,CK Langeveldt,8,2,9,4,88.8888888888889,11
426,UA Birla,7,1,14,7,50,0
427,VS Malik,7,1,7,7,100,5
428,Pankaj Singh,7,2,12,3.5,58.3333333333333,11
429,AF Milne,7,3,12,2.33333333333333,58.3333333333333,4
430,N Naik,7,1,16,7,43.75,0
431,AN Ghosh,7,2,8,3.5,87.5,0
432,Ankit Soni,7,2,8,3.5,87.5,2
433,I Malhotra,7,0,4,,175,0
434,R Bhui,7,2,17,3.5,41.1764705882353,0
435,I Sodhi,7,2,17,3.5,41.1764705882353,9
436,DM Bravo,6,0,5,,120,0
437,SS Shaikh,6,0,7,,85.7142857142857,0
438,SB Joshi,6,2,14,3,42.8571428571429,1
439,J Yadav,6,0,10,,60,5
440,BA Bhatt,6,0,7,,85.7142857142857,12
441,S Sharma,6,0,3,,200,12
442,PSP Handscomb,6,1,12,6,50,0
443,B Stanlake,5,0,2,,250,7
444,A Zampa,5,2,8,2.5,62.5,16
445,R Salam,5,0,4,,125,0
446,Shivam Sharma,5,1,3,5,166.666666666667,4
447,SJ Srivastava,5,1,5,5,100,14
448,P Awana,5,3,14,1.66666666666667,35.7142857142857,39
449,KMDN Kulasekara,5,0,2,,250,5
450,B Laughlin,5,2,13,2.5,38.4615384615385,8
451,DP Nannes,4,1,13,4,30.7692307692308,28
452,A Uniyal,4,1,7,4,57.1428571428571,2
453,FH Edwards,4,1,5,4,80,5
454,A Chandila,4,1,7,4,57.1428571428571,11
455,A Dananjaya,4,0,5,,80,0
456,CRD Fernando,4,1,3,4,133.333333333333,17
457,GD McGrath,4,1,5,4,80,11
458,M Ashwin,4,3,8,1.33333333333333,50,15
459,H Vihari,4,2,8,2,50,0
460,Avesh Khan,4,0,3,,133.333333333333,5
461,RS Sodhi,4,0,2,,200,0
462,VRV Singh,4,1,2,4,200,12
463,CJ Jordan,3,1,5,3,60,11
464,S Tyagi,3,0,4,,75,6
465,A Turner,3,3,10,1,30,0
466,R Ninan,3,1,6,3,50,3
467,D Kalyankrishna,3,1,7,3,42.8571428571429,2
468,JE Taylor,3,0,3,,100,6
469,H Viljoen,3,2,5,1.5,60,7
470,BAW Mendis,3,2,6,1.5,50,8
471,Mohammad Asif,3,2,6,1.5,50,8
472,Kamran Khan,3,1,5,3,60,10
473,Younis Khan,3,1,7,3,42.8571428571429,0
474,KP Appanna,2,1,3,2,66.6666666666667,9
475,RS Gavaskar,2,1,8,2,25,0
476,SB Wagh,2,2,3,1,66.6666666666667,5
477,Mohammad Ashraful,2,1,10,2,20,0
478,Mashrafe Mortaza,2,0,2,,100,0
479,S Randiv,2,1,4,2,50,6
480,Shoaib Akhtar,2,1,7,2,28.5714285714286,5
481,RG More,2,0,2,,100,1
482,A Singh,2,4,10,0.5,20,31
483,VS Yeligati,2,1,2,2,100,0
484,H Das,2,1,5,2,40,0
485,SE Bond,1,1,2,1,50,9
486,PM Sarvesh Kumar,1,0,2,,50,1
487,Shoaib Ahmed,1,2,6,0.5,16.6666666666667,5
488,Mustafizur Rahman,1,1,3,1,33.3333333333333,24
489,LH Ferguson,1,0,1,,100,3
490,H Gurney,1,0,5,,20,7
491,L Plunkett,1,1,3,1,33.3333333333333,4
492,BE Hendricks,1,1,3,1,33.3333333333333,9
493,P Parameswaran,1,0,2,,50,9
494,DP Vijaykumar,1,0,1,,100,4
495,DJ Muthuswami,1,1,3,1,33.3333333333333,4
496,M Wood,1,1,3,1,33.3333333333333,0
497,NJ Rimmington,1,0,1,,100,0
498,P Krishna,1,1,7,1,14.2857142857143,14
499,M de Lange,1,1,2,1,50,5
500,K Ahmed,0,1,1,0,0,20
501,C Nanda,0,1,1,0,0,2
502,YA Abdulla,0,0,1,,0,15
503,U Kaul,0,0,1,,0,0
504,P Raj,0,0,1,,0,1
505,S Lamichhane,0,1,1,0,0,13
506,RR Bhatkal,0,2,2,0,0,0
507,IC Pandey,0,1,2,0,0,18
508,L Ablish,0,0,2,,0,3
509,Abdur Razzak,0,0,2,,0,0
510,Sunny Gupta,0,1,1,0,0,0
511,ND Doshi,0,1,13,0,0,2
512,J Denly,0,1,1,0,0,0
513,S Ladda,0,2,9,0,0,5
514,V Pratap Singh,0,1,1,0,0,10
515,S Kaushik,0,1,1,0,0,6